{
  "db": {
    "host": "192.168.1.60",
    "port": 5432,
    "database": "fishing",
    "user": "postgres",
    "password": "postgres",
    "sslmode": "prefer"
  },
  "connections": [
    {
      "id": 1,
      "name": "My lovely Counter",
      "type": "mbox_counter",
      "enabled": false,
      "autostart": true,
      "db_user": null,
      "db_password": null,
      "table_name": null,
      "query_template": null,
      "easy_serial": null,
      "mbox": null,
      "mbox_counter": {
        "port": {
          "port": "COM1",
          "baudrate": 9600,
          "databits": 8,
          "parity": "None",
          "stopbits": 1.0,
          "flowcontrol": "None",
          "autoconnect": true,
          "timeout": 1.0
        },
        "poll_interval": 1.0,
        "devices": [
          {
            "device_id": 1,
            "name": "Counter 1",
            "serial": 6776,
            "enabled": true
          },
          {
            "device_id": 2,
            "name": "Counter 2",
            "serial": 6777,
            "enabled": true
          },
          {
            "device_id": 3,
            "name": "Counter 3",
            "serial": 6778,
            "enabled": true
          },
          {
            "device_id": 4,
            "name": "Counter 4",
            "serial": 6775,
            "enabled": true
          }
        ]
      },
      "modbus_rtu": null,
      "modbus_tcp": null
    },
    {
      "id": 2,
      "name": "MBox-ик",
      "type": "mbox",
      "enabled": false,
      "autostart": true,
      "db_user": null,
      "db_password": null,
      "table_name": null,
      "query_template": "INSERT INTO storehouse_view VALUES (DEFAULT, DEFAULT, DEFAULT, {mbox_id}, {on_error}, NULL, {created_at}, {fish_name}, {fish_grade}, {lot}, {n_weight}, {r_weight}, {sn}, {error_info}, {tare});",
      "easy_serial": null,
      "mbox": {
        "port": {
          "port": "COM3",
          "baudrate": 9600,
          "databits": 8,
          "parity": "None",
          "stopbits": 1.0,
          "flowcontrol": "None",
          "autoconnect": true,
          "timeout": 1.0
        },
        "mbox_id": 1,
        "tare": 0.0,
        "lot": "",
        "treat_zero_as_error": true,
        "treat_duplicate_as_error": true,
        "error_label_zero": "no weight",
        "error_label_duplicate": "no weight",
        "encoding": "ascii",
        "ext_counter": true,
        "counter_connection_id": 1,
        "counter_device_id": 2,
        "counter_clean_timeout": 6.0,
        "counter_miss_timeout": 4.0,
        "miss_strategy": "last",
        "miss_default": {
          "fish_name": "",
          "fish_grade": "",
          "n_weight": "",
          "r_weight": "",
          "sn": ""
        },
        "miss_insert_limit": 1,
        "miss_error_label": "scales error"
      },
      "mbox_counter": null,
      "modbus_rtu": null,
      "modbus_tcp": null
    }
  ]
}